Zielort;Adresse
TU Campus Stadtmitte;Karolinenplatz 5 64289 Darmstadt
TU Campus Stadtmitte;Karolinenplatz 5 64289 Darmstadt
"Kleyerstraße 20 DA";Deutsche-Telekom-Allee 64295 Darmstadt
TU Campus Stadtmitte;Karolinenplatz 5 64289 Darmstadt
TU Campus Stadtmitte;Karolinenplatz 5 64289 Darmstadt
TU Campus Stadtmitte;Karolinenplatz 5 64289 Darmstadt
Kleyerstrasse;Deutsche-Telekom-Allee 64295 Darmstadt
Telekom;Deutsche-Telekom-Allee 64295 Darmstadt
TU Campus Stadtmitte;Karolinenplatz 5 64289 Darmstadt
Tu campus Stadtmitte;Karolinenplatz 5 64289 Darmstadt
TU Campus Stadtmitte;Karolinenplatz 5 64289 Darmstadt
Tu Campus Stadtmitte;Karolinenplatz 5 64289 Darmstadt
Piloty Gebäude;Karolinenplatz 5 64289 Darmstadt
Eissporthalle Darmstadt;Alsfelder Str. 45 64289 Darmstadt
Campus Stadtmitte und Lichtwiese;Franziska-Braun-Straße 10 64287 Darmstadt
TU Campus Stadtmitte;Karolinenplatz 5 64289 Darmstadt
Stadtmitte;Luisenplatz 64283 Darmstadt
stadtmitte;Luisenplatz 64283 Darmstadt
Hauptbahnhof;Am Hbf 20 64293 Darmstadt
woog;Beckstraße 44 64287 Darmstadt
N�he Stadtmitte;Luisenplatz 64283 Darmstadt
Merck-Stadion;Nieder-Ramstädter Str. 170 64285 Darmstadt
TU Campus Stadtmitte;Karolinenplatz 5 64289 Darmstadt
Karolinenplatz;Karolinenplatz 5 64289 Darmstadt
TU Campus Stadtmitte;Karolinenplatz 5 64289 Darmstadt
Kleyerstrasse 20;Deutsche-Telekom-Allee 64295 Darmstadt
Luisenplatz;Luisenplatz 64283 Darmstadt
Darmstadt Nord;Kasinostraße 129 64293 Darmstadt
Luisenplatz;Luisenplatz 64283 Darmstadt
Luisenplatz;Luisenplatz 64283 Darmstadt
